{"cameraMode":{"drawMode":0,"name":"Shaded","section":"Shading Mode"},"sceneLighting":true,"audioPlay":false,"sceneViewState":{"showFog":true,"showMaterialUpdate":false,"showSkybox":true,"showFlares":true,"showImageEffects":true,"showParticleSystems":true},"in2DMode":false,"pivot":{"x":-0.08042731881141663,"y":1.306322455406189,"z":0.05460023880004883},"rotation":{"x":-0.006189320236444473,"y":0.9796297550201416,"z":0.03056488186120987,"w":0.19837786257266999},"size":1.792724609375,"orthographic":false}